시도명,시군구명,대피소명,주소,수용가능인원수,면적(㎡),경도,위도,비고,내진적용여부,해변에서의거리(m),긴급대피장소,대피소분류명,해발높이
city_name,gun_name,shelter_name,address,accept_limit,size,longitude,latitude,note,earthquake_proof,beach_distance,emergency_shelter,classify_shelter_name,sea_height
부산,기장군,공수마을 야산(멍두산),부산광역시 기장군 기장읍 시랑리 산101-3번,400,,129.2081440,35.1833420,,,,,,
부산,기장군,동암마을 야산,부산광역시 기장군 기장읍 시랑리 산30-1 ,500,,129.2257620,35.1981440,,,,,,
부산,기장군,신암마을 야산,부산광역시 기장군 기장읍 연화리 208-3,300,,129.2247710,35.2187870,,,,,,
부산,기장군,서암마을 언덕,부산광역시 기장군 기장읍 연화리 392-19,500,,129.2212710,35.2144680,,,,,,
부산,기장군,죽성 국수당,부산광역시 기장군 기장읍 죽성리 257,500,,129.2446100,35.2410670,,,,,,
부산,기장군,월전마을 야산,부산광역시 기장군 기장읍 죽성리 296,500,,129.2434870,35.2397440,,,,,,
부산,기장군,부경대수산과학연구소,부산광역시 기장군 일광면 동백리 295,250,,129.2577590,35.2842490,,,,,,
부산,기장군,동백마을 뒷산,부산광역시 기장군 일광면 동백리 산43-10,400,,129.2534420,35.2868060,,,,,,
부산,기장군,문동리 야산,부산광역시 기장군 일광면 문동리 산25,500,,129.2607710,35.3109760,,,,,,
부산,기장군,한국유리,부산광역시 기장군 일광면 이천리 345-1,80,,129.2420690,35.2669870,,,,,,
부산,기장군,이동마을 야산,부산광역시 기장군 일광면 이천리 산 23-1,400,,129.2400000,35.2670000,,,,,,
부산,기장군,칠암초등학교,부산광역시 기장군 일광면 칠암리 134,300,,129.2554820,35.2985110,,,,,,
부산,기장군,학리마을 야산,부산광역시 기장군 일광면 학리 176,300,,129.2428120,35.2572810,,,,,,
부산,기장군,고리문화센터,부산광역시 기장군 장안읍 길천리 80,1500,,129.2877740,35.3286100,,,,,,
부산,기장군,월내복지회관,부산광역시 기장군 장안읍 월내리 14,200,,129.2799170,35.3272840,,,,,,
부산,기장군,월내 야산(삼박골),부산광역시 기장군 장안읍 월내리 218,500,,129.2759910,35.3303140,,,,,,
부산,기장군,문화예절학교,부산광역시 기장군 장안읍 월내리 579,900,,129.2688750,35.3259310,,,,,,
부산,기장군,임랑 야산(대덕사),부산광역시 기장군 장안읍 임랑리 97-10,350,,129.2600000,35.3180000,,,,,,
부산,사하구,몰운대 공터,부산광역시 사하구 다대1동 469-2,1000,,128.9694660,35.0449110,,,,,,
부산,사하구,낫개공터,부산광역시 사하구 다대2동 1-7,100,,128.9861610,35.0595330,,,,,,
부산,사하구,두송종합사회복지관 앞 주차장,부산광역시 사하구 다대2동 96-1,300,,128.9855030,35.0620460,,,,,,
부산,수영구,광안초등학교,부산광역시 수영구 광안동 광안로 21번가길 35,1500,,129.1167320,35.1572010,,,,,,
부산,수영구,한바다중학교,부산광역시 수영구 광안동 광안로 21번가길 57,1500,,129.1176120,35.1572940,,,,,,
부산,수영구,수영구청,부산광역시 수영구 남천동 남천동로 100,1000,,129.1123700,35.1453710,,,,,,
부산,수영구,코오롱하늘채@,부산광역시 수영구 남천동 남천동로 41,1000,,129.1118440,35.1433260,,,,,,
부산,수영구,진조말산,부산광역시 수영구 민락동 113,1000,,129.1301910,35.1574370,,,,,,
부산,수영구,백산,부산광역시 수영구 민락동 327-2,1000,,129.1255390,35.1622010,,,,,,
부산,서구,송림공원,부산광역시 서구 암남동 124-1,3000,,129.0228490,35.0768780,,,,,,
부산,서구,송도탑스빌 광장,부산광역시 서구 암남동 257-1,1000,,129.0188280,35.0779620,,,,,,
부산,서구,송도해수욕장 공영주차장,부산광역시 서구 암남동 579,1000,,129.0157000,35.0737750,,,,,,
부산,서구,송도공원(식당) 주차장,부산광역시 서구 암남동 618-8,1000,,129.0182110,35.0705170,,,,,,
부산,서구,암남공원,부산광역시 서구 암남동 산193,5000,,129.0160570,35.0604850,,,,,,
부산,해운대,죽도공원,부산광역시 해운대 송정동 산52-1,10000,,129.2057850,35.1797480,,,,,,
부산,해운대,해운대청소년 수련원,부산광역시 해운대 송정동 산86-25,20000,,129.1951340,35.1754860,,,,,,
부산,해운대,동백공원,부산광역시 해운대 우동 710-1,20000,,129.1525260,35.1522300,,,,,,
부산,해운대,달맞이 고개,부산광역시 해운대 중동 974-1,30000,,129.1718410,35.1606700,,,,,,
부산,남구,이기대 산책로 입구(공터),부산광역시 남구 용호동 5-21,200,,129.1199000,35.1316320,,,,,,
부산,남구,동생말 언덕(공터),부산광역시 남구 용호동 산5-4,300,,129.1181940,35.1262480,,,,,,
부산,강서구,대항마을회관,부산광역시 강서구 대항동 9-2,100,,128.8345460,35.0163990,,,,,,
부산,강서구,대항주차장,부산광역시 강서구 대항동 산13-26,1000,,128.8290000,35.0110000,,,,,,
부산,기장군,대변초등학교,부산광역시 기장군 기장읍 대변리 444,300,,129.2269450,35.2250550,,,,,,
부산,기장군,국립수산과학원,부산광역시 기장군 기장읍 시랑리 408-1,200,,129.2233130,35.1922120,,,,,,
울산,북구,알로하모텔,울산광역시 북구 정자동 435,300,,129.4456470,35.6212330,,,,,,
울산,울주군,국도 31호 소공원 맞은편 버스정류장(?,울산광역시 울주군 서생면 나사리 산15-6,200,,129.3434830,35.3566790,,,,,,
울산,울주군,대송학생야영장(운동장),울산광역시 울주군 서생면 대송리 195,100,,129.3575150,35.3593080,,,,,,
울산,울주군,송정회관(마당),울산광역시 울주군 서생면 대송리 334-1,50,,129.3536030,35.3666970,,,,,,
울산,울주군,평동어촌계(마당),울산광역시 울주군 서생면 대송리 67-2,120,,129.3532630,35.3562080,,,,,,
울산,울주군,평동회관(마당),울산광역시 울주군 서생면 대송리 77-2,50,,129.3534700,35.3566620,,,,,,
울산,울주군,성동초등학교,울산광역시 울주군 서생면 서생리 387,500,,129.3416130,35.3853020,,,,,,
울산,울주군,서생면사무소(주차장),울산광역시 울주군 서생면 신암리 245-2,250,,129.3261370,35.3498570,,,,,,
울산,울주군,소망교회(주차장),울산광역시 울주군 서생면 신암리 324,300,,129.3200330,35.3451550,,,,,,
울산,울주군,서생중학교(운동장),울산광역시 울주군 서생면 신암리 8-1,50,,129.3308270,35.3503140,,,,,,
울산,울주군,서생중학교(운동장),울산광역시 울주군 서생면 신암리 8-1,300,,129.3308270,35.3503140,,,,,,
울산,울주군,신암회관(마당),울산광역시 울주군 서생면 신암리 877,300,,129.3191690,35.3409330,,,,,,
울산,울주군,진하회관,울산광역시 울주군 서생면 진하리 255,100,,129.3425160,35.3865380,,,,,,
울산,울주군,야산,울산광역시 울주군 온산읍 강양리 161,150,,129.3452700,35.3936320,,,,,,
울산,울주군,만포횟집(마당),울산광역시 울주군 온산읍 강양리 92,50,,129.3472450,35.3914740,,,,,,
울산,남구,울산항만공사,울산광역시 남구 매암동 180,100,,129.3828380,35.5047250,,,,,,
울산,남구,고래문화마을,울산광역시 남구 야음장생포동 232,300,,129.3794960,35.5048600,,,,,,
울산,남구,태영인더스트리사택 도로변,울산광역시 남구 야음장생포동 267-7,200,,129.3744940,35.5053190,,,,,,
울산,남구,장생포초등학교,울산광역시 남구 야음장생포동 329,500,,129.3688680,35.5031840,,,,,,
울산,남구,장생포복지센터,울산광역시 남구 야음장생포동 41-4,100,,129.3776250,35.5029830,,,,,,
울산,남구,장생포항 야산,울산광역시 남구 야음장생포동 산102-1,200,,129.3712730,35.5025130,,,,,,
울산,동구,화암초등학교,울산광역시 동구 방어동 1150,800,,129.4157300,35.4840320,,,,,,
울산,동구,방어진초등학교,울산광역시 동구 방어동 146,800,,129.4246460,35.4873230,,,,,,
울산,동구,성끝마을 야산,울산광역시 동구 방어동 18-32,300,,129.4320840,35.4840880,,,,,,
울산,동구,고늘마을 공터,울산광역시 동구 일산동 305-4,300,,129.4352670,35.5015040,,,,,,
울산,동구,대왕암 앞 공영주차장,울산광역시 동구 일산동 901-8,300,,129.4348180,35.4907260,,,,,,
울산,동구,일산지공영주차장,울산광역시 동구 일산동 963,300,,129.4287440,35.4940600,,,,,,
울산,동구,주전 야산,울산광역시 동구 주전동 14,300,,129.4530560,35.5666740,,,,,,
울산,동구,주전초등학교,울산광역시 동구 주전동 277,500,,129.4569030,35.5577230,,,,,,
울산,북구,정자오피스텔,울산광역시 북구 구유동 232,300,,129.4570700,35.6114130,,,,,,
울산,북구,제전마을야산,울산광역시 북구 구유동 82-3,200,,129.4574830,35.6051520,,,,,,
울산,북구,복성마을야산,울산광역시 북구 구유동 산64,100,,129.4551030,35.6078490,,,,,,
울산,북구,우가경로당,울산광역시 북구 당사동 116-5,30,,129.4629080,35.5956770,,,,,,
울산,북구,강동축구장주차장,울산광역시 북구 당사동 214,300,,129.4564800,35.5876310,,,,,,
울산,북구,추억의학교,울산광역시 북구 당사동 465-2,200,,129.4546200,35.5816390,,,,,,
울산,북구,시코어호텔,울산광역시 북구 산하동 55-1,200,,129.4418600,35.6342950,,,,,,
울산,북구,신명동 야산도로,울산광역시 북구 신명동 134-2,100,,129.4392740,35.6443450,,,,,,
울산,북구,울산교육수련원,울산광역시 북구 신명동 153-5,200,,129.4395850,35.6412110,,,,,,
울산,북구,지경IC,울산광역시 북구 신명동 산1-2,100,,129.4478740,35.6508060,,,,,,
울산,북구,어물동야산,울산광역시 북구 어물동 어물동 산372,300,,129.4494710,35.5752460,,,,,,
울산,북구,강동중학교(구),울산광역시 북구 정자동 272,400,,129.4445710,35.6135740,,,,,,
울산,북구,벽산아진아파트,울산광역시 북구 정자동 3,500,,129.4477610,35.6199250,,,,,,
울산,북구,강동초등학교(구),울산광역시 북구 정자동 321,400,,129.4467930,35.6155110,,,,,,
강원도,양양군,물치리야산,강원도 양양군 강현면 물치리 17-26,300,,128.6077270,38.1581680,,,,,,
강원도,양양군,용호리야산,강원도 양양군 강현면 용호리 산1-3,300,,128.6203340,38.1343860,,,,,,
강원도,양양군,전진리야산,강원도 양양군 강현면 전진리 산8-2,500,,128.6294760,38.1226500,,,,,,
강원도,양양군,정암리야산,강원도 양양군 강현면 정암리 산2-3,200,,128.6134390,38.1386470,,,,,,
강원도,양양군,주청리야산,강원도 양양군 강현면 주청리 산6-1,500,,128.6267970,38.1149870,,,,,,
강원도,양양군,동호리야산,강원도 양양군 손양면 동호리 563-8,250,,128.6789830,38.0552490,,,,,,
강원도,양양군,동호리야산,강원도 양양군 손양면 동호리 산44,250,,128.6799580,38.0580240,,,,,,
강원도,양양군,수산리야산,강원도 양양군 손양면 수산리 산85-1,150,,128.6709230,38.0793110,,,,,,
강원도,양양군,수산리야산,강원도 양양군 손양면 수산리 전20-2,150,,128.6411000,38.0605330,,,,,,
강원도,양양군,오산리야산,강원도 양양군 손양면 오산리 산23-17,500,,128.6648430,38.0892160,,,,,,
강원도,양양군,광진리야산,강원도 양양군 현남면 광진리 51-1,100,,128.7686520,37.9574880,,,,,,
강원도,양양군,남애리야산,강원도 양양군 현남면 남애리 121-1,200,,128.7866990,37.9395330,,,,,,
강원도,양양군,남애리야산,강원도 양양군 현남면 남애리 산1,200,,128.7861280,37.9454450,,,,,,
강원도,양양군,남애리야산,강원도 양양군 현남면 남애리 전46-2,200,,128.7594880,37.9692260,,,,,,
강원도,양양군,동산리야산,강원도 양양군 현남면 동산리 58-1,100,,128.7591050,37.9800180,,,,,,
강원도,양양군,원포리야산,강원도 양양군 현남면 원포리 산78,100,,128.7912650,37.9295260,,,,,,
강원도,양양군,인구리야산,강원도 양양군 현남면 인구리 41-7,100,,128.7598100,37.9703110,,,,,,
강원도,양양군,인구리야산,강원도 양양군 현남면 인구리 산1-1,100,,128.7618140,37.9651930,,,,,,
강원도,양양군,지경리야산,강원도 양양군 현남면 지결지 산1,100,,128.7594880,37.9692260,,,,,,
강원도,양양군,기사문야산,강원도 양양군 현북면 기사문리 산54-2,300,,128.7287430,38.0082140,,,,,,
강원도,양양군,하광정리야산,강원도 양양군 현북면 하광정리 산19,500,,128.7284960,38.0200220,,,,,,
강원도,삼척시,마을회관뒤 공터,강원도 삼척시 오분동 212,90,,129.1900890,37.4276370,,,,,,
강원도,삼척시,오분파출소 뒷산,강원도 삼척시 오분동 228-2,80,,129.1887620,37.4304540,,,,,,
강원도,삼척시,남초등학교 뒷산,강원도 삼척시 오분동 동해대로 3791-48,80,,129.1860000,37.4250000,,,,,,
강원도,삼척시,갈남전망대,강원도 삼척시 원덕읍 갈남리 104-24,100,,129.3226910,37.2811880,,,,,,
강원도,삼척시,마을회관뒤 공터,강원도 삼척시 원덕읍 갈남리 13-2,100,,129.3260780,37.2781050,,,,,,
강원도,삼척시,어촌민속전시관,강원도 삼척시 원덕읍 갈남리 301,100,,129.3273480,37.2679470,,,,,,
강원도,삼척시,신남분교 운동장,강원도 삼척시 원덕읍 갈남리 456-1,100,,129.3237360,37.2658710,,,,,,
강원도,삼척시,노실분교 운동장,강원도 삼척시 원덕읍 노곡리 142-2,200,,129.3416460,37.2021560,,,,,,
강원도,삼척시,마을진입공터,강원도 삼척시 원덕읍 노곡리 473-1,200,,129.3369790,37.1958770,,,,,,
강원도,삼척시,마을공터,강원도 삼척시 원덕읍 월천리 106,100,,129.3554650,37.1562950,,,,,,
강원도,삼척시,국도옆 공터,강원도 삼척시 원덕읍 임원리 166-3,100,,129.3419620,37.2307460,,,,,,
강원도,삼척시,남화산공원,강원도 삼척시 원덕읍 임원리 44,100,,129.3473860,37.2312660,,,,,,
강원도,삼척시,경로당뒤 공터,강원도 삼척시 원덕읍 임원리 88,150,,129.3457510,37.2337520,,,,,,
강원도,삼척시,호산파출소뒤 공터,강원도 삼척시 원덕읍 호산리 277,350,,129.3384730,37.1749590,,,,,,
강원도,삼척시,방주교회,강원도 삼척시 원덕읍 호산리 299-7,325,,129.3428850,37.1734630,,,,,,
강원도,삼척시,정우 제분제유소,강원도 삼척시 원덕읍 호산리 309,350,,129.3415440,37.1748050,,,,,,
강원도,삼척시,감로사앞 공터,강원도 삼척시 정상동 3-1,50,,129.1839290,37.4404640,,,,,,
강원도,삼척시,척추동해비 공원부지,강원도 삼척시 정상동 82-1,50,,129.1846230,37.4354560,,,,,,
강원도,삼척시,마을회관 뒤 공터,강원도 삼척시 정하동 281-,50,,129.1891000,37.4414000,,,,,,
강원도,삼척시,이사부 공원부지,강원도 삼척시 증산동 9,200,,129.1601100,37.4752490,,,,,,
강원도,삼척시,심심사앞 공터,강원도 삼척시 증산동 산48,50,,129.1605930,37.4728730,,,,,,
강원도,삼척시,와우산 공터,강원도 삼척시 증산동 산61-3,200,,129.1633790,37.4721080,,,,,,
강원도,속초시,아남프라자,강원도 속초시 교동 737-7,1500,,128.5776380,38.1972720,,,,,,
강원도,속초시,설악중학교,강원도 속초시 교동 780-5,2400,,128.5783560,38.2063790,,,,,,
강원도,속초시,속초여자고등학교,강원도 속초시 교동 802-1,1000,,128.5692570,38.1994600,,,,,,
강원도,속초시,속초교육문화관,강원도 속초시 금호동 488-2,220,,128.5859910,38.2063770,,,,,,
강원도,속초시,속초여자중학교,강원도 속초시 금호동 625-37,1500,,128.5848660,38.2069400,,,,,,
강원도,속초시,할머니성황당 고지대,강원도 속초시 대포동 ,469,,128.6001460,38.1748110,,,,,,
강원도,속초시,내물치 뒷산 고지대,강원도 속초시 대포동 ,500,,128.6001460,38.1748110,,,,,,
강원도,속초시,대포초등학교,강원도 속초시 대포동 350,500,,128.6036220,38.1738740,,,,,,
강원도,속초시,수질환경사업소 고지대,강원도 속초시 대포동 552,631,,128.5559520,38.1589670,,,,,,
강원도,속초시,(구)대포정수장 고지대,강원도 속초시 대포동 산44,600,,128.5998780,38.1788430,,,,,,
강원도,속초시,동명천주교회,강원도 속초시 동명동 333-3,182,,128.5949300,38.2127770,,,,,,
강원도,속초시,동명성당 고지대,강원도 속초시 동명동 333-3,500,,128.5949300,38.2127770,,,,,,
강원도,속초시,속초감리교회,강원도 속초시 동명동 338,1500,,128.5946030,38.2124540,,,,,,
강원도,속초시,중앙공원 고지대,강원도 속초시 동명동 산51,3100,,128.5850760,38.2149540,,,,,,
강원도,속초시,양우아파트 고지대,강원도 속초시 영랑동 157,300,,128.5926880,38.2159320,,,,,,
강원도,속초시,영금공원 고지대,강원도 속초시 영랑동 1-7,1668,,128.6000380,38.2136840,,,,,,
강원도,속초시,속초고등학교,강원도 속초시 장사동 460,2667,,128.5837490,38.2251620,,,,,,
강원도,속초시,해경 충혼탑 고지대,강원도 속초시 장사동 482-3,300,,128.5861960,38.2278350,,,,,,
강원도,속초시,우림연립 고지대,강원도 속초시 장사동 518-7,200,,128.5851870,38.2263640,,,,,,
강원도,속초시,조양감리교회,강원도 속초시 조양동 1289-15,1000,,128.6021460,38.1838210,,,,,,
강원도,속초시,조양초등학교,강원도 속초시 조양동 1396,1500,,128.5983700,38.1883650,,,,,,
강원도,속초시,조양초등학교,강원도 속초시 조양동 1396,1500,,128.5983700,38.1883650,,,,,,
강원도,속초시,조양초등학교,강원도 속초시 조양동 1396,1500,,128.5983700,38.1883650,,,,,,
강원도,속초시,설악고등학교,강원도 속초시 조양동 589-7,3000,,128.5737810,38.1852280,,,,,,
강원도,속초시,선사유적지 고지대,강원도 속초시 조양동 산142-8,400,,128.5880000,38.1850000,,,,,,
강원도,속초시,시청주차장 고지대,강원도 속초시 중앙동 469-1,200,,128.5920000,38.2070000,,,,,,
강원도,속초시,(구)측후소 고지대,강원도 속초시 중앙동 469-40,500,,128.5900000,38.2070000,,,,,,
강원도,속초시,(구)측후소 고지대,강원도 속초시 중앙동 469-41,3000,,128.5900000,38.2070000,,,,,,
강원도,속초시,청학연립주차장 고지대,강원도 속초시 청학동 486-184,710,,128.5850860,38.2032000,,,,,,
강원도,속초시,설악대교,강원도 속초시 청호동 1051,300,,128.5940000,38.2000000,,,,,,
강원도,속초시,이마트,강원도 속초시 청호동 459-134,500,,128.5960880,38.1909260,,,,,,
강원도,속초시,이마트,강원도 속초시 청호동 459-134,500,,128.5960880,38.1909260,,,,,,
강원도,속초시,금강대교,강원도 속초시 청호동 설악금강대교로 151,500,,128.5930000,38.2010000,,,,,,
강원도,고성군,천진리뒷산(1) 고지대,강원도 고성군 토성면 천진리 산3-1,400,,128.5552670,38.2556810,,,,,,
강원도,고성군,천진리뒷산(2) 고지대,강원도 고성군 토성면 천진리 산32임,550,,128.5529780,38.2554910,,,,,,
강원도,고성군,아야진장로교회 고지대,강원도 고성군 토성면 청간리 2-1,150,,128.5543190,38.2688990,,,,,,
강원도,고성군,토성정수장 고지대,강원도 고성군 토성면 청간리 산36-3,200,,128.5549830,38.2650780,,,,,,
강원도,고성군,대진초등학교 고지대,강원도 고성군 현내면 대진리 148,1700,,128.4235880,38.4969880,,,,,,
강원도,고성군,대진감리교회 고지대,강원도 고성군 현내면 대진리 189-1,300,,128.4268580,38.4951720,,,,,,
강원도,고성군,현내면공설운동장 고지대,강원도 고성군 현내면 대진리 310,2000,,128.4187060,38.5007770,,,,,,
강원도,고성군,명파교회 고지대,강원도 고성군 현내면 명파리 295-33,300,,128.4013790,38.5383860,,,,,,
강원도,고성군,이승만별장 고지대,강원도 고성군 현내면 죽정리 산1-3,50,,128.4361380,38.4709280,,,,,,
강원도,고성군,초도항뒷산 고지대,강원도 고성군 현내면 초도리 222-30,50,,128.4307160,38.4885670,,,,,,
강원도,고성군,대진중고등학교,강원도 고성군 현내면 초도리 75,490,,128.4329430,38.4841260,,,,,,
강원도,고성군,화진포정보화마을 고지대,강원도 고성군 현내면 초도리 84임,100,,128.4370220,38.4838350,,,,,,
강원도,동해시,폐수종말처리장,강원도 동해시 구미동 232,100,,129.1309170,37.4808490,,,,,,
강원도,동해시,만경대,강원도 동해시 구미동 산53,50,,129.1366590,37.4871630,,,,,,
강원도,동해시,북평공단 소공원,강원도 동해시 구호동 249-1,200,,129.1554520,37.4796180,,,,,,
강원도,동해시,단병골입구,강원도 동해시 대진동 155-8,200,,129.1145730,37.5770290,,,,,,
강원도,동해시,대진도로,강원도 동해시 대진동 196-4,300,,129.1126240,37.5798380,,,,,,
강원도,동해시,노봉택지,강원도 동해시 망상동 14-5,400,,129.1054990,37.5821130,,,,,,
강원도,동해시,노봉해변내 야산,강원도 동해시 망상동 162-30,400,,129.0981970,37.5883110,,,,,,
강원도,동해시,고래화석박물관 앞,강원도 동해시 망상동 360-20,2000,,129.0896910,37.5911250,,,,,,
강원도,동해시,해군전적비,강원도 동해시 망상동 396-13,3000,,129.0846860,37.5938660,,,,,,
강원도,동해시,기곡마을 입구,강원도 동해시 망상동 409-14,5000,,129.0803120,37.5963070,,,,,,
강원도,동해시,임산물유통센터,강원도 동해시 망상동 721,400,,129.1007760,37.5811560,,,,,,
강원도,동해시,논골도로,강원도 동해시 묵호진동 102-9,200,,129.1163020,37.5541410,,,,,,
강원도,동해시,일출공원,강원도 동해시 묵호진동 2-126,100,,129.1203700,37.5552290,,,,,,
강원도,동해시,동해비취호텔위마을주차장,강원도 동해시 묵호진동 2-42,100,,129.1207620,37.5578700,,,,,,
강원도,동해시,산지골도로,강원도 동해시 묵호진동 78-60,200,,129.1134240,37.5544710,,,,,,
강원도,동해시,묵호대교,강원도 동해시 발한동 80-303,300,,129.1111060,37.5416080,,,,,,
강원도,동해시,선창횟집 뒤,강원도 동해시 어달동 25,100,,129.1192770,37.5627940,,,,,,
강원도,동해시,바위섬횟집,강원도 동해시 어달동 11-11,100,,129.1190510,37.5607400,,,,,,
강원도,동해시,어달마을내 도로,강원도 동해시 어달동 134-5,400,,129.1175590,37.5670300,,,,,,
강원도,동해시,어달 소공원,강원도 동해시 어달동 47,400,,129.1187970,37.5655090,,,,,,
강원도,동해시,한섬 주차장,강원도 동해시 천곡동 1090-14,100,,129.1197680,37.5227660,,,,,,
강원도,동해시,감추사 주차장,강원도 동해시 천곡동 1090-28,30,,129.1235040,37.5166810,,,,,,
강원도,동해시,가세마을 야산,강원도 동해시 천곡동 1-4,100,,129.1213890,37.5288880,,,,,,
강원도,동해시,추암조각공원,강원도 동해시 추암동 477,400,,129.1573630,37.4796950,,,,,,
강원도,동해시,평릉공원,강원도 동해시 평릉동 102-2,100,,129.1117110,37.5353170,,,,,,
강원도,동해시,하평 주차장,강원도 동해시 평릉동 84-1,50,,129.1157480,37.5339010,,,,,,
강원도,삼척시,삼척mbc앞 공터,강원도 삼척시 갈천동 111,150,,129.1634870,37.4636240,,,,,,
강원도,삼척시,삼척 요양원앞 공터,강원도 삼척시 교동 394-1,150,,129.1743880,37.4621480,,,,,,
강원도,삼척시,조각공원 뒷산,강원도 삼척시 교동 85-2,50,,129.1847170,37.4565420,,,,,,
강원도,삼척시,마을공터,강원도 삼척시 근덕면 241-3,100,,129.2666910,37.3302490,,,,,,
강원도,삼척시,관덕정앞 공터,강원도 삼척시 근덕면 교가리 692-2,300,,129.2231350,37.3803780,,,,,,
강원도,삼척시,공양왕릉앞 공터,강원도 삼척시 근덕면 궁촌리 178,100,,129.2661400,37.3263250,,,,,,
강원도,삼척시,궁촌침례교회앞 공터,강원도 삼척시 근덕면 궁촌리 393-1,100,,129.2652890,37.3211380,,,,,,
강원도,삼척시,노인요양원앞 공터,강원도 삼척시 근덕면 덕산리 40-1,100,,129.2478870,37.3785040,,,,,,
강원도,삼척시,금메달주유소 뒷산,강원도 삼척시 근덕면 매원리 35-4,100,,129.2714010,37.3165670,,,,,,
강원도,삼척시,맹방초등학교,강원도 삼척시 근덕면 상맹방리 171-1,200,,129.2131390,37.3982250,,,,,,
강원도,삼척시,성황당옆 대로,강원도 삼척시 근덕면 용화리 298-1,100,,129.2982220,37.2885660,,,,,,
강원도,삼척시,마을뒤 공터,강원도 삼척시 근덕면 용화리 40-1,100,,129.3069580,37.2882810,,,,,,
강원도,삼척시,장호중학교 운동장,강원도 삼척시 근덕면 장호리 201,200,,129.3117710,37.2835890,,,,,,
강원도,삼척시,장호용화랜드앞 주차장,강원도 삼척시 근덕면 장호리 321-8,200,,129.3087980,37.2869370,,,,,,
강원도,삼척시,마을공원,강원도 삼척시 근덕면 장호리54-7,150,,129.3188100,37.2853390,,,,,,
강원도,삼척시,황영조기념관앞 공원내,강원도 삼척시 근덕면 초곡리 64,200,,129.2942500,37.3074670,,,,,,
강원도,강릉시,곰두리연수원,강원도 강릉시 강동면 심곡리 90-1,150,,129.0514290,37.6642170,,,,,,
강원도,강릉시,봉화산,강원도 강릉시 강동면 안인진리 20-1,50,,128.9876700,37.7373680,,,,,,
강원도,강릉시,안인천주교회,강원도 강릉시 강동면 안인진리 213-1,100,,128.9860990,37.7305270,,,,,,
강원도,강릉시,강인교회,강원도 강릉시 강동면 안인진리 270-18,150,,128.9825780,37.7278080,,,,,,
강원도,강릉시,정동초등학교,강원도 강릉시 강동면 정동진리 184,160,,129.0336590,37.6872610,,,,,,
강원도,강릉시,고성산,강원도 강릉시 강동면 정동진리 267-4,120,,129.0335670,37.6896880,,,,,,
강원도,강릉시,정동허브랜드,강원도 강릉시 강동면 정동진리 51-4,260,,129.0414270,37.6811490,,,,,,
강원도,강릉시,하시동2리 마을회관,강원도 강릉시 강동면 하시동리 56-1,100,,128.9727380,37.7372230,,,,,,
강원도,강릉시,현대아파트앞 야산,강원도 강릉시 경포동 저동 7-3,1000,,128.9150770,37.7972010,,,,,,
강원도,강릉시,경포산장콘도,강원도 강릉시 경포동 하남길 345-18,800,,128.9000070,37.8098440,,,,,,
강원도,강릉시,시마크호텔,강원도 강릉시 경포동 해안로406번길 2,700,,128.9150770,37.7972010,,,,,,
강원도,강릉시,장구바위,강원도 강릉시 사천면 사천진리 1-13,100,,128.8767710,37.8397930,,,,,,
강원도,강릉시,성결교회,강원도 강릉시 사천면 사천진리 산72-1,500,,128.8688520,37.8416090,,,,,,
강원도,강릉시,강릉원주대학교 해양생물연구교육센?,강원도 강릉시 사천면 해안로 1166,5900,,128.8615460,37.8510000,,,,,,
강원도,강릉시,세인트컨벤션웨딩홀,강원도 강릉시 성덕동 공항길 127번길 5-3,1000,,128.9498610,37.7647260,,,,,,
강원도,강릉시,죽도봉,강원도 강릉시 송정동 견소동 11-6,800,,128.9269250,37.7772240,,,,,,
강원도,강릉시,송정해변신도브래뉴아파트,강원도 강릉시 송정동 견소동 289,3500,,128.9269250,37.7772240,,,,,,
강원도,강릉시,육군 1901부대 2대대,강원도 강릉시 연곡면 영진리 3,700,,128.8466150,37.8667470,,,,,,
강원도,강릉시,기마봉야산,강원도 강릉시 옥계면 금진리 92-1,2000,,129.0486530,37.6555920,,,,,,
강원도,강릉시,한국여성수련원,강원도 강릉시 옥계면 금진솔밭길 148-19,6300,,129.0457760,37.6298450,,,,,,
강원도,강릉시,옥계역,강원도 강릉시 옥계면 동해대로 291-14,70,,129.0498360,37.6166580,,,,,,
강원도,강릉시,주문진성당,강원도 강릉시 옥계면 교향안길 51,300,,128.8233880,37.8940650,,,,,,
강원도,강릉시,주영초등학교,강원도 강릉시 주문진읍 약수동길 15-12,320,,128.8260150,37.8980030,,,,,,
강원도,강릉시,우일아파트 야산,강원도 강릉시 주문진읍 주문리 736-1,880,,128.8253700,37.9043080,,,,,,
강원도,강릉시,소돌휴게소,강원도 강릉시 주문진읍 주문북로 228,470,,128.8160110,37.9109460,,,,,,
강원도,강릉시,주문진감리교회,강원도 강릉시 주문진읍 항구로43,500,,128.8263780,37.8939470,,,,,,
강원도,강릉시,강릉고등학교,강원도 강릉시 초당동 강릉대로 587번길 68,8600,,128.9160000,37.7889670,,,,,,
강원도,강릉시,강릉교회,강원도 강릉시 초당동 해안로 333,3600,,128.9162440,37.7933300,,,,,,
강원도,고성군,동호리뒷산 고지대,강원도 고성군 간성읍 동호리 산10-3,500,,128.4762910,38.3919630,,,,,,
강원도,고성군,거진성황당 고지대,강원도 고성군 거진읍 거진리 10-6,500,,128.4636870,38.4513790,,,,,,
강원도,고성군,거성초등학교 고지대,강원도 고성군 거진읍 거진리 180,1500,,128.4579580,38.4522470,,,,,,
강원도,고성군,거진정보공업고등학교 고지대,강원도 고성군 거진읍 거진리 432,1500,,128.4498720,38.4403770,,,,,,
강원도,고성군,반암초소 고지대,강원도 고성군 거진읍 반암리 53-1,200,,128.4613190,38.4241760,,,,,,
강원도,고성군,반암리뒷산 고지대,강원도 고성군 거진읍 반암리 73,500,,128.4590000,38.4230000,,,,,,
강원도,고성군,거진중학교,강원도 고성군 거진읍 봉평리 31-1,1500,,128.4483630,38.4467450,,,,,,
강원도,고성군,가진교회 고지대,강원도 고성군 죽왕면 가진리 123-3,200,,128.5079130,38.3725350,,,,,,
강원도,고성군,가진리뒷산 고지대,강원도 고성군 죽왕면 가진리 산16,300,,128.5108730,38.3680650,,,,,,
강원도,고성군,공현진초등학교 고지대,강원도 고성군 죽왕면 공현진리 334,700,,128.5074810,38.3539270,,,,,,
강원도,고성군,공현진교회 고지대,강원도 고성군 죽왕면 공현진리 85,50,,128.5093540,38.3553240,,,,,,
강원도,고성군,문암진리앞산 고지대,강원도 고성군 죽왕면 문암진리 95-2,300,,128.5430320,38.2998520,,,,,,
강원도,고성군,문암군부대앞산 고지대,강원도 고성군 죽왕면 문암진리 산1-8,450,,128.5488440,38.3037350,,,,,,
강원도,고성군,오호초등학교뒷산 고지대,강원도 고성군 죽왕면 삼포리 215-5,200,,128.5305810,38.3135380,,,,,,
강원도,고성군,삼포마을뒷산 고지대,강원도 고성군 죽왕면 삼포리 산55-1,150,,128.5294090,38.3150380,,,,,,
강원도,고성군,송지호오토캠핑장뒷산 고지대,강원도 고성군 죽왕면 오봉리 12-2,200,,128.5116040,38.3418280,,,,,,
강원도,고성군,오호교회 고지대,강원도 고성군 죽왕면 오호리 170,150,,128.5253890,38.3289990,,,,,,
강원도,고성군,죽왕초등학교뒷산 고지대,강원도 고성군 죽왕면 오호리 산39-1,150,,128.5211810,38.3298860,,,,,,
강원도,고성군,천학정야산 고지대,강원도 고성군 토성면 교암리 177-6,200,,128.5476170,38.2883870,,,,,,
강원도,고성군,동광초등학교 고지대,강원도 고성군 토성면 교암리 86,500,,128.5443880,38.2885450,,,,,,
강원도,고성군,백촌복지회관,강원도 고성군 토성면 백촌리 123,50,,128.5404920,38.2919550,,,,,,
강원도,고성군,속초기상대 고지대,강원도 고성군 토성면 봉포리 111-3,150,,128.5645360,38.2506860,,,,,,
강원도,고성군,경동대학교 고지대,강원도 고성군 토성면 봉포리 306-3,2000,,128.5569530,38.2509560,,,,,,
강원도,고성군,아야진초등학교 고지대,강원도 고성군 토성면 아야진리 20,1600,,128.5551880,38.2732830,,,,,,
강원도,고성군,아야진침례교회 고지대,강원도 고성군 토성면 아야진리 41,150,,128.5552170,38.2722130,,,,,,
경북,포항시,영암분교,경상북도 포항시 장기면 영암리 344-2,89,,129.5253880,35.9098560,,,,,,
경북,포항시,청림초등학교,경상북도 포항시 청림동 917-3,500,,129.4050410,35.9966620,,,,,,
경북,포항시,청진1리 GS주유소앞 도로,경상북도 포항시 청하면 청진리 78,70,,129.3904740,36.1790410,,,,,,
경북,포항시,방어뒷들앞,경상북도 포항시 청하면 방어리 122,200,,129.3817230,36.2121110,,,,,,
경북,포항시,월포백번횟집앞,경상북도 포항시 청하면 방어리 산19,200,,129.3763300,36.2087590,,,,,,
경북,포항시,오션뷰 펜션앞 도로,경상북도 포항시 청하면 용두리 49-2,160,,129.3698410,36.1945730,,,,,,
경북,포항시,월포초교 뒷뜰앞,경상북도 포항시 청하면 월포리,506,,129.3640560,36.2041870,,,,,,
경북,포항시,이가힐펜션 앞,경상북도 포항시 청하면 이가리 555-4,120,,129.3837890,36.1844930,,,,,,
경북,포항시,이가리 산23-1 일원,경상북도 포항시 청하면 이가리 산23-1,200,,129.3819720,36.1853910,,,,,,
경북,포항시,선정마을입구앞 도로,경상북도 포항시 청하면 청진리 309,80,,129.3929210,36.1745660,,,,,,
경북,포항시,스타팜펜션앞 도로,경상북도 포항시 청하면 청진리 413,50,,129.3961010,36.1705380,,,,,,
경북,포항시,포항고등학교,경상북도 포항시 학산동 288,500,,129.3721010,36.0566750,,,,,,
경북,포항시,학산5어린이공원,경상북도 포항시 항구동 345,100,,129.3756140,36.0570160,,,,,,
경북,포항시,오륙도 주유소 앞도로,경상북도 포항시 호미곶면 강사리 212-1,64,,129.5780000,36.0360780,,,,,,
경북,포항시,강사교회 앞도로,경상북도 포항시 호미곶면 강사리 424-2,11,,129.5772210,36.0470360,,,,,,
경북,포항시,해송모텔 주변도로,경상북도 포항시 호미곶면 강사리 756-5,15,,129.5762310,36.0551700,,,,,,
경북,포항시,대보초등학교,경상북도 포항시 호미곶면 구만리 123,500,,129.5572060,36.0782310,,,,,,
경북,포항시,구만리 389-1 주변,경상북도 포항시 호미곶면 구만리 389-1 ,185,,129.5509760,36.0813650,,,,,,
경북,포항시,호미곶면사무소,경상북도 포항시 호미곶면 구만리 47-6,40,,129.5557060,36.0807240,,,,,,
경북,포항시,대동배1리마을뒷산,경상북도 포항시 호미곶면 대동배리 359,77,,129.5345100,36.0581250,,,,,,
경북,포항시,대동배1리보건진료소앞,경상북도 포항시 호미곶면 대동배리 420-2,80,,129.5312670,36.0556700,,,,,,
경북,포항시,대동배2리버스승강장앞,경상북도 포항시 호미곶면 대동배리 48-2,50,,129.5407320,36.0648720,,,,,,
경북,포항시,대동배2리마을뒤,경상북도 포항시 호미곶면 대동배리 산26-6,70,,129.5377450,36.0657140,,,,,,
경북,포항시,대천수산입구도로,경상북도 포항시 호미곶면 대보리 15-9,53,,129.5702010,36.0651880,,,,,,
경북,포항시,해맞이광장입구 버스승강장,경상북도 포항시 호미곶면 대보리 294-2,50,,129.5650050,36.0765830,,,,,,
경북,포항시,포항해양과학고앞,경상북도 포항시 환호동 2-8,200,,129.4062980,36.0738320,,,,,,
경북,포항시,환호동해맞이공원,경상북도 포항시 환호동 323-3,570,,129.3950770,36.0680240,,,,,,
경북,포항시,환호 여중앞,경상북도 포항시 환호동 69,370,,129.4004850,36.0711490,,,,,,
경북,포항시,죽천마을입구 앞 도로주변,경상북도 포항시 흥해읍 죽천리 146-2,80,,129.4175990,36.0910300,,,,,,
경북,포항시,곡강3리 마을뒷편 공터,경상북도 포항시 흥해읍 곡강리 산 87,20,,129.3987390,36.1274620,,,,,,
경북,포항시,작은펜션앞 도로,경상북도 포항시 흥해읍 오도리 246-3,40,,129.3963210,36.1577910,,,,,,
경북,포항시,오도해수욕장 입구,경상북도 포항시 흥해읍 오도리 359-3,48,,129.3983910,36.1541130,,,,,,
경북,포항시,사랑의유람선앞 도로,경상북도 포항시 흥해읍 오도리 74-7,40,,129.3979130,36.1636400,,,,,,
경북,포항시,용한1리 마을입구 도로,경상북도 포항시 흥해읍 용한리 산 41-1,21,,129.4266150,36.1100060,,,,,,
경북,포항시,죽천초등학교 앞,경상북도 포항시 흥해읍 우목리 105,200,,129.4276230,36.0974510,,,,,,
경북,포항시,해뜨는집앞 도로,경상북도 포항시 흥해읍 죽천리 173-16,90,,129.4175730,36.0885870,,,,,,
경북,포항시,칠포2주유소앞 도로,경상북도 포항시 흥해읍 칠포리 265-1,34,,129.3925220,36.1408490,,,,,,
경북,포항시,칠포1리 고지대,경상북도 포항시 흥해읍 칠포리 54-4,70,,129.3969120,36.1453600,,,,,,
경북,포항시,칠포해수욕장위부대앞,경상북도 포항시 흥해읍 칠포리 산109-10,8,,129.3965620,36.1324040,,,,,,
경북,울진군,선재빌라옥상,경상북도 울진군 후포면 후포리 605-6,200,,129.4539900,36.6818000,,,,,,
경북,울진군,후포교회,경상북도 울진군 후포면 후포리 623-29,300,,129.4522480,36.6805960,,,,,,
경북,울진군,후포동부초등학교,경상북도 울진군 후포면 후포리 78,500,,129.4619370,36.6867450,,,,,,
경북,울진군,등대산 고지대,경상북도 울진군 후포면 후포리 산140,400,,129.4629700,36.6840540,,,,,,
경북,울진군,전망대,경상북도 울진군 후포면 후포리 산141-13,200,,129.4647160,36.6802950,,,,,,
경북,포항시,해운사 앞,경상북도 포항시 구룡포읍 구룡포리 13-8,270,,129.5653160,35.9978370,,,,,,
경북,포항시,구룡포초등학교 구동분교 앞,경상북도 포항시 구룡포읍 구룡포리 199-47,400,,129.5658770,35.9913270,,,,,,
경북,포항시,충혼탑 앞,경상북도 포항시 구룡포읍 구룡포리 382-7,400,,129.5605650,35.9916170,,,,,,
경북,포항시,호미로 395 도로,경상북도 포항시 구룡포읍 구룡포리 970-3,200,,129.5461480,35.9851600,,,,,,
경북,포항시,구평리 115-3 도로,경상북도 포항시 구룡포읍 구평리 115-3,50,,129.5336470,35.9445930,,,,,,
경북,포항시,포항과학기술고등학교,경상북도 포항시 구룡포읍 병포리 139-1,400,,129.5506910,35.9827070,,,,,,
경북,포항시,MGM 그랜드모텔 앞,경상북도 포항시 구룡포읍 삼정리 489-2,80,,129.5683970,35.9998500,,,,,,
경북,포항시,포스코수련원 앞도로,경상북도 포항시 구룡포읍 삼정리 95-3,130,,129.5766500,36.0094900,,,,,,
경북,포항시,해성수산입구도로,경상북도 포항시 구룡포읍 석병리 20-1,50,,129.5784910,36.0314190,,,,,,
경북,포항시,구룡포청소년회관,경상북도 포항시 구룡포읍 석병리 251,179,,129.5740920,36.0293120,,,,,,
경북,포항시,석병교회,경상북도 포항시 구룡포읍 석병리 640-2,60,,129.5779090,36.0211900,,,,,,
경북,포항시,장길리교회,경상북도 포항시 구룡포읍 장길리 109-3,50,,129.5453830,35.9548100,,,,,,
경북,포항시,하정축양장 앞도로,경상북도 포항시 구룡포읍 하정리 119-9,30,,129.5524250,35.9704810,,,,,,
경북,포항시,하정리 269번지 도로,경상북도 포항시 구룡포읍 하정리 269,30,,129.5467450,35.9656150,,,,,,
경북,포항시,경북대수련원 앞도로,경상북도 포항시 구룡포읍 하정리 31-3,330,,129.5508450,35.9756650,,,,,,
경북,포항시,포항시립아트홀,경상북도 포항시 덕산동 129-1,200,,129.3653180,36.0408940,,,,,,
경북,포항시,동해초등학교,경상북도 포항시 동해면 도구리 670,267,,129.4410910,35.9879580,,,,,,
경북,포항시,마산리 버스승강장 앞 도로,경상북도 포항시 동해면 마산리 247-2,50,,129.4868700,36.0154260,,,,,,
경북,포항시,마산리 마을 뒤 도로,경상북도 포항시 동해면 마산리 69-1,55,,129.4894710,36.0154840,,,,,,
경북,포항시,발산2리 마을뒤 도로,경상북도 포항시 동해면 발산리 116-2,30,,129.5192460,36.0451840,,,,,,
경북,포항시,발산교회,경상북도 포항시 동해면 발산리 376-1,31,,129.5080060,36.0334450,,,,,,
경북,포항시,청룡회관 일대,경상북도 포항시 동해면 임곡리 309-3,41,,129.4610640,36.0003860,,,,,,
경북,포항시,임곡1리 버스승강장 앞,경상북도 포항시 동해면 임곡리 543-8,40,,129.4575970,35.9942800,,,,,,
경북,포항시,입암2리마을회관 앞 도로주변,경상북도 포항시 동해면 입암리 424-3,20,,129.4772480,36.0133010,,,,,,
경북,포항시,옛네식당 옆 도로주변,경상북도 포항시 동해면 입암리 666-2,21,,129.4672170,36.0074060,,,,,,
경북,포항시,흥환주유소 옆 도로,경상북도 포항시 동해면 흥환리 442-4,30,,129.5068620,36.0243650,,,,,,
경북,포항시,두호1어린이공원,경상북도 포항시 두호동 1092,100,,129.3822820,36.0642830,,,,,,
경북,포항시,송도초등학교,경상북도 포항시 송도동 311-285,500,,129.3797920,36.0336300,,,,,,
경북,포항시,화진휴게소 주변,경상북도 포항시 송라면 지경리 331-5,140,,129.3719330,36.2543050,,,,,,
경북,포항시,1박2일펜션 앞,경상북도 포항시 송라면 방석리 104,280,,129.3812170,36.2342670,,,,,,
경북,포항시,조사리버스승강장 앞,경상북도 포항시 송라면 조사리 71-12,293,,129.3845500,36.2225960,,,,,,
경북,포항시,지경검문소 주변,경상북도 포항시 송라면 지경리 199-2,130,,129.3744000,36.2627400,,,,,,
경북,포항시,화진교 옆 국도일대,경상북도 포항시 송라면 지경리 412-1,50,,129.3701450,36.2501850,,,,,,
경북,포항시,화진2리모텔앞 주변,경상북도 포항시 송라면 화진리 185-3,210,,129.3816790,36.2395370,,,,,,
경북,포항시,오션힐골프장 주변,경상북도 포항시 송라면 화진리 261-1,208,,129.3824240,36.2365460,,,,,,
경북,포항시,해안로511번길,경상북도 포항시 여남동 97,150,,129.4131460,36.0734890,,,,,,
경북,포항시,해병대 북문 주변,경상북도 포항시 일월동 675-1,150,,129.4147940,35.9941990,,,,,,
경북,포항시,등대회식당 버스승강장,경상북도 포항시 장기면 계원리 26-3,179,,129.5305060,35.8674640,,,,,,
경북,포항시,계원주유소 앞 도로,경상북도 포항시 장기면 계원리 324,97,,129.5253440,35.8613560,,,,,,
경북,포항시,대진주유소 앞 도로,경상북도 포항시 장기면 대진리 87-3,401,,129.5173450,35.9230540,,,,,,
경북,포항시,두원리 버스승강장앞,경상북도 포항시 장기면 두원리 523-15,70,,129.5158340,35.8435540,,,,,,
경북,포항시,두원주유소 앞 도로,경상북도 포항시 장기면 두원리 57-1,82,,129.5181200,35.8489300,,,,,,
경북,포항시,모포초등학교,경상북도 포항시 장기면 모포리 94-2,350,,129.5234330,35.9343460,,,,,,
경북,포항시,신창리 400-1앞 도로주변,경상북도 포항시 장기면 신창리 400-1,265,,129.5269940,35.8841450,,,,,,
경북,포항시,신창리 산405-7 국도,경상북도 포항시 장기면 신창리 479-4,58,,129.5266750,35.8852620,,,,,,
경북,포항시,신창리 산15-1 국도,경상북도 포항시 장기면 신창리 산13-1,50,,129.5250930,35.9005790,,,,,,
경북,포항시,양포초등학교,경상북도 포항시 장기면 양포리 487-18,265,,129.5131610,35.8762260,,,,,,
경북,포항시,영암리 버스승강장 도로,경상북도 포항시 장기면 영암리 101-2,89,,129.5259540,35.9039520,,,,,,
경북,울진군,밭,경상북도 울진군 죽변면 봉평리 579,50,,129.4102850,37.0474480,,,,,,
경북,울진군,묘터,경상북도 울진군 죽변면 봉평리 산71-3,100,,129.4073940,37.0437510,,,,,,
경북,울진군,묘터,경상북도 울진군 죽변면 봉평리 산76,100,,129.4119660,37.0421780,,,,,,
경북,울진군,죽변초등학교,경상북도 울진군 죽변면 죽변리 1,450,,129.4279380,37.0577320,,,,,,
경북,울진군,죽변중고등학교,경상북도 울진군 죽변면 죽변리 215,500,,129.4208470,37.0649000,,,,,,
경북,울진군, 죽변면민회관,경상북도 울진군 죽변면 죽변리 418-114,840,,129.4194590,37.0593030,,,,,,
경북,울진군,정자(공터),경상북도 울진군 죽변면 죽변리 418-82,100,,129.4182710,37.0599830,,,,,,
경북,울진군,동도빌라,경상북도 울진군 죽변면 죽변리 418-82,500,,129.4182710,37.0599830,,,,,,
경북,울진군,정구장,경상북도 울진군 죽변면 죽변리 57-14,780,,129.4227090,37.0612690,장흥초등학교(폐교),,,,,
경북,울진군,공터,경상북도 울진군 죽변면 후정리 301-1,100,,129.4166750,37.0572920,,,,,,
경북,울진군,가정집앞 공터,경상북도 울진군 죽변면 후정리 315-1,100,,129.4149020,37.0575220,,,,,,
경북,울진군,죽변119안전센터,경상북도 울진군 죽변면 후정리 381-6,500,,129.4125990,37.0549320,,,,,,
경북,울진군,거일평화교회,경상북도 울진군 평해읍 거일리 156,500,,129.4731680,36.7051680,,,,,,
경북,울진군,마을뒷산 고지대,경상북도 울진군 평해읍 거일리 192,200,,129.4740090,36.7035000,,,,,,
경북,울진군,파도향기펜션,경상북도 울진군 평해읍 거일리 61,300,,129.4725850,36.7115620,,,,,,
경북,울진군,마을뒷산 고지대,경상북도 울진군 평해읍 거일리 83-1,200,,129.4734100,36.7096530,태하초등학교 학포분교(폐교),,,,,
경북,울진군,마을뒷산 고지대,경상북도 울진군 평해읍 거일리 산153-1,100,,129.4748330,36.7012890,,,,,,
경북,울진군,마을뒷산 고지대,경상북도 울진군 평해읍 거일리 산159,300,,129.4736670,36.6987000,,,,,,
경북,울진군,마을뒷산 고지대,경상북도 울진군 평해읍 거일리 산29,300,,129.4711070,36.7141770,천부초등학교 현포분교,,,,,
경북,울진군,포항공대 평해연수원 뒷산,경상북도 울진군 평해읍 거일리 산63,200,,129.4689050,36.7079090,,,,,,
경북,울진군,월송초등학교,경상북도 울진군 평해읍 월송리 1007,100,,129.4592020,36.7361060,,,,,,
경북,울진군,월송2리 마을뒷산,경상북도 울진군 평해읍 월송리 산18,100,,129.4572840,36.7406720,,,,,,
경북,울진군,마을뒷산 고지대,경상북도 울진군 평해읍 월송리 산22-6,100,,129.4591020,36.7394380,,,,,,
경북,울진군,마을뒷산 고지대,경상북도 울진군 평해읍 직산리 28-2,200,,129.4749910,36.7329860,,,,,,
경북,울진군,농협창고 뒷산,경상북도 울진군 평해읍 직산리 283,200,,129.4688320,36.7190350,,,,,,
경북,울진군,직산보건소 뒷산,경상북도 울진군 평해읍 직산리 317,200,,129.4694380,36.7214760,,,,,,
경북,울진군,평해콘도옆 고지대,경상북도 울진군 평해읍 직산리 산1,200,,129.4750660,36.7322340,,,,,,
경북,울진군,직산2리 마을회관 뒷산,경상북도 울진군 평해읍 직산리 산42,200,,129.4704340,36.7234880,,,,,,
경북,울진군,마을뒤고지대,경상북도 울진군 후포면 금음리 113-1,300,,129.4312930,36.6678620,,,,,,
경북,울진군,마을뒤공터,경상북도 울진군 후포면 금음리 114-6,200,,129.4293790,36.6670290,,,,,,
경북,울진군,그린모텔옥상,경상북도 울진군 후포면 금음리 193-1,200,,129.4331990,36.6662950,,,,,,
경북,울진군,국도옆 산마루측구,경상북도 울진군 후포면 금음리 259,300,,129.4310850,36.6606770,,,,,,
경북,울진군,마을뒤 고지대,경상북도 울진군 후포면 금음리 394-2,300,,129.4224060,36.6449260,,,,,,
경북,울진군,수협후포어업무선송신소,경상북도 울진군 후포면 금음리 67,300,,129.4347730,36.6691390,,,,,,
경북,울진군,코리아모텔뒷산,경상북도 울진군 후포면 금음리 산155,500,,129.4284890,36.6636020,,,,,,
경북,울진군,반소골길,경상북도 울진군 후포면 금음리 산295,300,,129.4297260,36.6599770,,,,,,
경북,울진군,신축아파트옥상,경상북도 울진군 후포면 삼율리 176-8,500,,129.4403920,36.6746740,,,,,,
경북,울진군,보성장여관옥상,경상북도 울진군 후포면 삼율리 247,200,,129.4404520,36.6762800,,,,,,
경북,울진군,공영하이츠옥상,경상북도 울진군 후포면 삼율리 258,500,,129.4389870,36.6774960,,,,,,
경북,울진군,허심장모텔옥상,경상북도 울진군 후포면 삼율리 276-2,200,,129.4407880,36.6782910,,,,,,
경북,울진군,삼영아파트옥상,경상북도 울진군 후포면 삼율리 280,400,,129.4423610,36.6770980,,,,,,
경북,울진군,마을뒷산 고지대,경상북도 울진군 후포면 삼율리 322,400,,129.4415260,36.6806870,,,,,,
경북,울진군,마을뒤고지대,경상북도 울진군 후포면 삼율리 432,500,,129.4390040,36.6815640,,,,,,
경북,울진군,정우맨션옥상,경상북도 울진군 후포면 삼율리 53-1,300,,129.4436900,36.6812010,,,,,,
경북,울진군,남울진 청년회의소,경상북도 울진군 후포면 삼율리 769,300,,129.4356700,36.6775670,,,,,,
경북,울진군,공장부지,경상북도 울진군 후포면 삼율리 산1,500,,129.4451440,36.6874800,,,,,,
경북,울진군,우성플러스빌옥상,경상북도 울진군 후포면 후포리 1002-6,300,,129.4440000,36.6810000,,,,,,
경북,울진군,평해광원사원 APT,경상북도 울진군 후포면 후포리 27-2,200,,129.4655170,36.6889960,,,,,,
경북,울진군,후포2리 뒷산,경상북도 울진군 후포면 후포리 289-78,400,,129.4572530,36.6840890,,,,,,
경북,울진군,후포2리 마을고지대,경상북도 울진군 후포면 후포리 361-1,100,,129.4587020,36.6837820,,,,,,
경북,울진군,마을뒷산 고지대,경상북도 울진군 후포면 후포리 37,200,,129.4643190,36.6884840,,,,,,
경북,울진군,후포1리 마을고지대,경상북도 울진군 후포면 후포리 447-1,300,,129.4598590,36.6847160,,,,,,
경북,울진군,후포등기산공원 ,경상북도 울진군 후포면 후포리 581,800,,129.4613610,36.6821300,,,,,,
경북,울진군,용마맨션옥상,경상북도 울진군 후포면 후포리 581-5,300,,129.4608530,36.6816360,,,,,,
경북,울진군, 비치모텔 뒤 공터,경상북도 울진군 기성면 구산리 418-1,300,,129.4642920,36.7551350,,,,,,
경북,울진군,침례교회 뒷산,경상북도 울진군 기성면 구산리 48-2,300,,129.4713690,36.7626890,,,,,,
경북,울진군,마을뒤 고지대 밭,경상북도 울진군 기성면 구산리 83,300,,129.4740060,36.7633730,,,,,,
경북,울진군,기성초등학교,경상북도 울진군 기성면 기성리 194,500,,129.4581230,36.8011860,,,,,,
경북,울진군,비행훈련원 기숙사,경상북도 울진군 기성면 기성리 410,1000,,129.4577330,36.7982300,,,,,,
경북,울진군,기성리 뒷산 배수지,경상북도 울진군 기성면 기성리 산1-2,300,,129.4564370,36.8046440,,,,,,
경북,울진군,삼성모텔 옥상,경상북도 울진군 기성면 망양1리 400-2,200,,129.4376910,36.8383520,,,,,,
경북,울진군,망양정 옛터,경상북도 울진군 기성면 망양리 413-4,300,,129.4279010,36.8494530,,,,,,
경북,울진군,늘푸른민박,경상북도 울진군 기성면 망양리 493-2,200,,129.4253690,36.8550250,,,,,,
경북,울진군,마을뒷산 고지대,경상북도 울진군 기성면 망양리 515-1,500,,129.4231920,36.8523990,,,,,,
경북,울진군,마을뒷산 묘지,경상북도 울진군 기성면 봉산리 115-2,300,,129.4744660,36.7705670,,,,,,
경북,울진군,봉산1리 마을회관 뒷 밭,경상북도 울진군 기성면 봉산리 277,150,,129.4689050,36.7785880,,,,,,
경북,울진군,봉산1리 개인주택,경상북도 울진군 기성면 봉산리 322,300,,129.4659400,36.7815330,,,,,,
경북,울진군,봉산2리 마을회관 뒤 밭,경상북도 울진군 기성면 봉산리 72,200,,129.4757310,36.7692430,,,,,,
경북,울진군,공항교차로 공터,경상북도 울진군 기성면 봉산리 산1-11,1000,,129.4598230,36.7882040,,,,,,
경북,울진군,봉산2리 개인주택,경상북도 울진군 기성면 봉산리 산60,500,,129.4741640,36.7717510,,,,,,
경북,울진군,마을뒤 고지대,경상북도 울진군 기성면 사동리 169,300,,129.4465010,36.8230470,,,,,,
경북,울진군,사동2리 마을뒷산,경상북도 울진군 기성면 사동리 275,100,,129.4438680,36.8284880,,,,,,
경북,울진군,마을뒤 도로,경상북도 울진군 기성면 사동리 308-1,300,,129.4453920,36.8289110,,,,,,
경북,울진군,사동초등학교,경상북도 울진군 기성면 사동리 455,500,,129.4378680,36.8296640,,,,,,
경북,울진군,사동3리 마을뒷산,경상북도 울진군 기성면 사동리 산75-1,100,,129.4444870,36.8252360,,,,,,
경북,울진군,덕신리교회 옥상,경상북도 울진군 매화면 덕신리 479-2,300,,129.4129040,36.8859950,,,,,,
경북,울진군,덕신휴게소 뒷산,경상북도 울진군 매화면 덕신리 산231-1,200,,129.4150620,36.8795820,,,,,,
경북,울진군,개인주택,경상북도 울진군 매화면 오산리 106-3,300,,129.4187830,36.8968660,,,,,,
경북,울진군,오산항등대,경상북도 울진군 매화면 오산리 238-1,200,,129.4184100,36.8944380,,,,,,
경북,울진군,마을뒤 고지대,경상북도 울진군 매화면 오산리 250-4,500,,129.4165130,36.8938710,,,,,,
경북,울진군,장미반점 뒷산,경상북도 울진군 매화면 오산리 273-1,500,,129.4154290,36.8930790,,,,,,
경북,울진군,마을뒤 고지대,경상북도 울진군 매화면 오산리 642,200,,129.4140620,36.9089260,,,,,,
경북,울진군,해양레포츠센타,경상북도 울진군 매화면 오산리 931,200,,129.4125650,36.8903370,,,,,,
경북,울진군,오산3리 뒷산,경상북도 울진군 매화면 오산리 산196,200,,129.4123490,36.9042760,,,,,,
경북,울진군,ASP도로,경상북도 울진군 북면 나곡리 1132,150,,129.3607890,37.1442440,,,,,,
경북,울진군,마을뒷산,경상북도 울진군 북면 나곡리 1150-1,50,,129.3615490,37.1448050,,,,,,
경북,울진군,석호마을 APT,경상북도 울진군 북면 나곡리 62-1,100,,129.3735810,37.1142530,고포하늘휴게실(폐업),,,,,
경북,울진군,힐파크장,경상북도 울진군 북면 나곡리 686-1,100,,129.3707220,37.1247350,,,,,,
경북,울진군,도로,경상북도 울진군 북면 나곡리 719,100,,129.3680280,37.1252140,,,,,,
경북,울진군,한수원 APT,경상북도 울진군 북면 나곡리 97,300,,129.3719750,37.1113920,,,,,,
경북,울진군,밭,경상북도 울진군 북면 부구리 159-9,50,,129.3727710,37.1035890,,,,,,
경북,울진군,밭,경상북도 울진군 북면 부구리 211-12,50,,129.3749610,37.1055880,,,,,,
경북,울진군,공터,경상북도 울진군 북면 부구리 243,50,,129.3705290,37.1052700,,,,,,
경북,울진군,밭,경상북도 울진군 북면 부구리 288-27,100,,129.3705270,37.1015910,,,,,,
경북,울진군,밭,경상북도 울진군 북면 부구리 326,100,,129.3674890,37.1047320,,,,,,
경북,울진군,도로(국도7호선),경상북도 울진군 북면 부구리 551-3,100,,129.3608070,37.1021050,,,,,,
경북,울진군,도로,경상북도 울진군 북면 부구리 662,100,,129.3660100,37.1030250,,,,,,
경북,울진군,도로,경상북도 울진군 북면 부구리 산27,100,,129.3573820,37.1017520,,,,,,
경북,울진군,대동빌라,경상북도 울진군 울진읍 연지리 138-1,180,,129.4143350,36.9916630,,,,,,
경북,울진군,연지1리 마을회관,경상북도 울진군 울진읍 연지리 203-6,200,,129.4153900,36.9914900,,,,,,
경북,울진군,도로,경상북도 울진군 울진읍 연지리 402,100,,129.4161380,37.0013520,,,,,,
경북,울진군,도로,경상북도 울진군 울진읍 연지리 495-3,110,,129.4164000,37.0049320,,,,,,
경북,울진군,교원사택,경상북도 울진군 울진읍 온양리 192,70,,129.4089070,37.0249070,,,,,,
경북,울진군,모텔아리아,경상북도 울진군 울진읍 온양리 306-13,100,,129.4122220,37.0159000,,,,,,
경북,울진군,읍남2리 마을회관,경상북도 울진군 울진읍 읍남리 256-1,50,,129.4028500,36.9845530,,,,,,
경북,울진군,밭,경상북도 울진군 울진읍 읍남리 53-1,100,,129.4113290,36.9866510,,,,,,
경북,울진군,도로,경상북도 울진군 울진읍 온양리 356,85,,129.4120420,37.0143250,,,,,,
경북,울진군,도로,경상북도 울진군 죽변면 봉평리 208-1,100,,129.4137310,37.0372950,,,,,,
경북,울진군,봉평1리 마을회관,경상북도 울진군 죽변면 봉평리 292-11,100,,129.4134130,37.0342390,,,,,,
경북,영덕군,마을 뒤 공터,경상북도 영덕군 영해면 괴시사진길 327-26,150,,129.4390700,36.5311440,,,,,,
경북,영덕군,마을 뒤 도로,경상북도 영덕군 영해면 대진3리 146,100,,129.4364720,36.5546460,양포초등학교계원분교(폐교),,,,,
경북,영덕군,마을 뒤 야산,경상북도 영덕군 영해면 대진3리 73,150,,129.4364720,36.5546460,,,,,,
경북,영덕군,마을 뒤 야산,경상북도 영덕군 영해면 대진리 산23-1,200,,129.4285680,36.5562920,,,,,,
경북,영덕군,마을 뒤 야산,경상북도 영덕군 영해면 사진리 산83,100,,129.4368100,36.5382460,,,,,,
경북,영덕군,마을 뒤 야산,경상북도 영덕군 영해면 체험마을길 51,150,,129.4071130,36.5375580,,,,,,
경북,영덕군,축산항초교 경정분교 뒤 공터,경상북도 영덕군 축산면 경정리 234,200,,129.4336570,36.4860860,,,,,,
경북,영덕군,태흥모텔 앞 공터,경상북도 영덕군 축산면 경정리 24,250,,129.4428830,36.4936520,,,,,,
경북,영덕군,경정교회 뒷산,경상북도 영덕군 축산면 경정리 산192-1,200,,129.4310000,36.4840000,,,,,,
경북,영덕군,경정석산(버스승강장),경상북도 영덕군 축산면 경정리 산26-1,100,,129.4318140,36.4750930,,,,,,
경북,영덕군,경정해수욕장 뒷산,경상북도 영덕군 축산면 경정리 산60,100,,129.4328030,36.4826150,,,,,,
경북,영덕군,축산항초교 뒷산,경상북도 영덕군 축산면 축산리 187,400,,129.4423240,36.5095270,,,,,,
경북,영덕군,죽도산,경상북도 영덕군 축산면 축산리 산106-4,300,,129.4508890,36.5076540,,,,,,
경북,영덕군,블루로드길,경상북도 영덕군 축산면 축산리 산113-2,100,,129.4442050,36.5013620,,,,,,
경북,영덕군,와우산,경상북도 영덕군 축산면 축산리 산20-2,300,,129.4465970,36.5108270,,,,,,
경북,영덕군,목너머,경상북도 영덕군 축산면 축산리 산8-5,400,,129.4435370,36.5120570,,,,,,
경북,울릉군,북면사무소,경상북도 울릉군 북면 천부2길 15,200,,130.8746180,37.5407270,,,,,,
경북,울릉군,천부초등학교,경상북도 울릉군 북면 천부길 95-3,200,,130.8715920,37.5366230,,,,,,
경북,울릉군,천부초등학교 현포분교,경상북도 울릉군 북면 현포1길 38,300,,130.8222910,37.5240040,,,,,,
경북,울릉군,울릉서중학교,경상북도 울릉군 서면 남서길 52,400,,130.8362270,37.4695010,,,,,,
경북,울릉군,남양초등학교,경상북도 울릉군 서면 남양1길 58,400,,130.8401370,37.4690930,,,,,,
경북,울릉군,서면사무소,경상북도 울릉군 서면 남양4길 31 ,100,,130.8380920,37.4677150,,,,,,
경북,울릉군,서면사무소 태하출장소,경상북도 울릉군 서면 태하1길 37-2,50,,130.8008650,37.5122800,,,,,,
경북,울릉군,울릉중학교 태하분교,경상북도 울릉군 서면 태하리 30,50,,130.8363730,37.5023720,,,,,,
경북,울릉군,울릉중학교,경상북도 울릉군 울릉읍 도동길 151-19,400,,130.9024290,37.4847450,,,,,,
경북,울릉군,농업기술센터,경상북도 울릉군 울릉읍 사동리 541-8,200,,130.8736610,37.4600220,,,,,,
경북,울릉군,울릉고등학교,경상북도 울릉군 울릉읍 울릉순환로 236,700,,130.9074140,37.4929680,,,,,,
경북,울릉군,우산중학교,경상북도 울릉군 울릉읍 저동길 54,500,,130.9065450,37.4951040,,,,,,
경북,울진군,근남면사무소,경상북도 울진군 근남면 노음리 331-1,150,,129.3944160,36.9626810,,,,,,
경북,울진군,한전 APT,경상북도 울진군 근남면 노음리 335-2,200,,129.3940710,36.9609980,,,,,,
경북,울진군,마당,경상북도 울진군 근남면 노음리 466-2,50,,129.3881660,36.9628460,,,,,,
경북,울진군, 밭,경상북도 울진군 근남면 노음리 562-2,50,,129.3896420,36.9602360,,,,,,
경북,울진군,도로,경상북도 울진군 근남면 노음리 637-5,100,,129.3926450,36.9564750,,,,,,
경북,울진군,공터,경상북도 울진군 근남면 산포리 1248-2,50,,129.4036000,36.9551550,,,,,,
경북,울진군,공터,경상북도 울진군 근남면 산포리 162-6,50,,129.4185910,36.9436180,,,,,,
경북,울진군,마당,경상북도 울진군 근남면 산포리 20,50,,129.4166560,36.9544070,,,,,,
경북,울진군,산포3리 마을회관,경상북도 울진군 근남면 산포리 313,50,,129.4151950,36.9476690,,,,,,
경북,울진군,주차장,경상북도 울진군 근남면 산포리 661-2,100,,129.4121060,36.9644490,,,,,,
경북,울진군,해맞이공원,경상북도 울진군 근남면 산포리 691,500,,129.4132420,36.9651530,,,,,,
경북,울진군,망양정,경상북도 울진군 근남면 산포리 716-2,100,,129.4124740,36.9671620,,,,,,
경북,울진군,밭,경상북도 울진군 근남면 산포리 75-1,100,,129.4172820,36.9465200,,,,,,
경북,울진군,방사능센터,경상북도 울진군 근남면 산포리 823-3,200,,129.4022000,36.9614750,,,,,,
경북,울진군,공터,경상북도 울진군 근남면 산포리 산18-4,50,,129.4097710,36.9580460,,,,,,
경북,울진군,주차장,경상북도 울진군 근남면 산포리 산2,50,,129.4117190,36.9612960,,,,,,
경북,울진군,밭,경상북도 울진군 근남면 수산리 421,50,,129.3939900,36.9697410,,,,,,
경북,울진군,금강송 숲길 뒷산,경상북도 울진군 근남면 수산리 461-1,100,,129.3984030,36.9696770,,,,,,
경북,울진군,밭,경상북도 울진군 근남면 진복리 178-1,100,,129.4183270,36.9214870,,,,,,
경북,울진군,밭,경상북도 울진군 근남면 진복리 265,200,,129.4151310,36.9180570,,,,,,
경북,울진군,밭,경상북도 울진군 근남면 진복리 275,100,,129.4144740,36.9187160,,,,,,
경북,울진군,울진학생야영장,경상북도 울진군 근남면 진복리 631,200,,129.4156550,36.9289760,,,,,,
경북,울진군,밭,경상북도 울진군 근남면 진복리 699,50,,129.4141070,36.9319950,,,,,,
경북,울진군,도로,경상북도 울진군 근남면 산포리 529-1,100,,129.4146770,36.9571320,,,,,,
경북,울진군,구산중앙교회 옆,경상북도 울진군 기성면 구산리 177,200,,129.4665520,36.7612290,,,,,,
경북,울진군,구산리 마을뒷산,경상북도 울진군 기성면 구산리 305,150,,129.4657850,36.7583800,,,,,,
경북,울진군, 동해월송정모텔 뒤 공터,경상북도 울진군 기성면 구산리 391,300,,129.4647160,36.7517170,,,,,,
경북,영덕군,대구대학교연수원,경상북도 영덕군 강구면 번영길 235,500,,129.4034380,36.3800610,,,,,,
경북,영덕군,삼사공원입구2,경상북도 영덕군 강구면 삼사리 234,150,,129.3849450,36.3452550,,,,,,
경북,영덕군,씨아일랜드주차장,경상북도 영덕군 강구면 삼사리 631-8,50,,129.3815780,36.3401580,,,,,,
경북,영덕군,삼사공원입구1,경상북도 영덕군 강구면 삼사리 753-1,500,,129.3820640,36.3454350,,,,,,
경북,영덕군,강구정보고,경상북도 영덕군 강구면 신강구1길 45-5,1200,,129.3799490,36.3533770,,,,,,
경북,영덕군,오포1리 마을뒷산(1),경상북도 영덕군 강구면 오포리 684-1,340,,129.3742420,36.3617220,,,,,,
경북,영덕군,오포대게식당뒤,경상북도 영덕군 강구면 오포리 9-40,500,,129.3864730,36.3540110,,,,,,
경북,영덕군,오포1리 마을뒷산(2),경상북도 영덕군 강구면 오포리 산10,340,,129.3733470,36.3648390,,,,,,
경북,영덕군,문화교맞은편뒤,경상북도 영덕군 강구면 하저리 401,100,,129.4068880,36.3906120,,,,,,
경북,영덕군,하저문화마을뒤,경상북도 영덕군 강구면 하저리 449-1,200,,129.4044670,36.3895790,,,,,,
경북,영덕군,푸른바다민박뒤,경상북도 영덕군 강구면 하저리 6-6,100,,129.4141220,36.3935110,,,,,,
경북,영덕군,탁주합동제조장뒤,경상북도 영덕군 강구면 하저리 722,100,,129.4095270,36.3964180,,,,,,
경북,영덕군,독도수산뒤,경상북도 영덕군 강구면 삼사리 1-24,500,,129.3860000,36.3530000,,,,,,
경북,영덕군,구계승강장,경상북도 영덕군 남정면 구계리,200,,129.3645830,36.3177090,,,,,,
경북,영덕군,아이씨프라자,경상북도 영덕군 남정면 구계리,150,,129.3645830,36.3177090,,,,,,
경북,영덕군,남호승강장,경상북도 영덕군 남정면 남호리,100,,129.3737780,36.3334010,,,,,,
경북,영덕군,장사휴게소,경상북도 영덕군 남정면 부경리,200,,129.3694760,36.2719190,,,,,,
경북,영덕군,국도변,경상북도 영덕군 남정면 부경리,200,,129.3694760,36.2719190,,,,,,
경북,영덕군,마을회관,경상북도 영덕군 남정면 부흥1리,300,,129.3721170,36.2857680,,,,,,
경북,영덕군,경보휴게소,경상북도 영덕군 남정면 원척리,300,,129.3690270,36.3052060,,,,,,
경북,영덕군,마을공터,경상북도 영덕군 남정면 원척리,200,,129.3690270,36.3052060,,,,,,
경북,영덕군,남정중학교,경상북도 영덕군 남정면 장사리,500,,129.3537970,36.2873690,,,,,,
경북,영덕군,부흥2리 뒷산,경상북도 영덕군 남정면 장사리,250,,129.3537970,36.2873690,,,,,,
경북,영덕군,학생해양수련원,경상북도 영덕군 병곡면 고래불로 201,500,,129.4125000,36.5786370,,,,,,
경북,영덕군,구국도변 공터,경상북도 영덕군 병곡면 금곡리 13-1,70,,129.4220140,36.6434060,,,,,,
경북,영덕군,금곡1서낭당,경상북도 영덕군 병곡면 금곡리 332-1,150,,129.4088590,36.6422860,,,,,,
경북,영덕군,마을뒷산,경상북도 영덕군 병곡면 금곡리 439,150,,129.4127770,36.6418960,,,,,,
경북,영덕군,구국도변 공터,경상북도 영덕군 병곡면 금곡리 49-4,80,,129.4206210,36.6420510,,,,,,
경북,영덕군,칠보산도로변,경상북도 영덕군 병곡면 금곡리 산119-4,200,,129.4106000,36.6386110,,,,,,
경북,영덕군,7번국도변,경상북도 영덕군 병곡면 백석리 123,300,,129.4113150,36.6249890,,,,,,
경북,영덕군,동해안휴게소,경상북도 영덕군 병곡면 백석리 706,300,,129.4109340,36.6234940,,,,,,
경북,영덕군,영리 야산,경상북도 영덕군 병곡면 영리 296,300,,129.4023080,36.5943310,,,,,,
경북,영덕군,7번국도변,경상북도 영덕군 병곡면 원황리 619-3,100,,129.3997140,36.5765420,,,,,,
경북,영덕군,철암산,경상북도 영덕군 병곡면 백석리 269-2,300,,129.4092930,36.6209070,,,,,,
경북,영덕군,철암산,경상북도 영덕군 병곡면 백석리 310-3,300,,129.4097390,36.6190140,,,,,,
경북,영덕군,바다향기펜션,경상북도 영덕군 병곡면 병곡리 24,200,,129.4149160,36.6037010,,,,,,
경북,영덕군,병곡휴게소,경상북도 영덕군 병곡면 병곡리 331-9,800,,129.4132520,36.6062150,,,,,,
경북,영덕군,마을 뒤 도로,경상북도 영덕군 병곡면 병곡리 468,300,,129.4059810,36.6035260,,,,,,
경북,영덕군,영덕경찰수련원,경상북도 영덕군 병곡면 영덕로 2108-152,300,,129.4169430,36.5688020,,,,,,
경북,영덕군,연국사입구,경상북도 영덕군 영덕읍 노물리 161-1,35,,129.4305860,36.4477910,,,,,,
경북,영덕군,구)보건소 맞은편,경상북도 영덕군 영덕읍 노물리 170,35,,129.4310690,36.4468120,,,,,,
경북,영덕군,선창횟집 뒤,경상북도 영덕군 영덕읍 노물리 174-4,20,,129.4311500,36.4462690,,,,,,
경북,영덕군,해녀횟집뒤 골목,경상북도 영덕군 영덕읍 노물리 20,25,,129.4349470,36.4464410,,,,,,
경북,영덕군,경노회관뒤 골목,경상북도 영덕군 영덕읍 노물리 45,25,,129.4343620,36.4464310,,,,,,
경북,영덕군,지미슈퍼뒤 공터,경상북도 영덕군 영덕읍 노물리 70-6,20,,129.4329300,36.4470010,,,,,,
경북,영덕군,창포교회뒤편,경상북도 영덕군 영덕읍 대부 247-3,400,,129.4228130,36.4039330,,,,,,
경북,영덕군,구)마을회관옆,경상북도 영덕군 영덕읍 대부 273,150,,129.4211120,36.4014130,,,,,,
경북,영덕군,창호민박뒤,경상북도 영덕군 영덕읍 대탄 산13-1,130,,129.4322690,36.4338430,,,,,,
경북,영덕군,오보보건소뒤,경상북도 영덕군 영덕읍 오보리 142,80,,129.4302280,36.4413010,,,,,,
경북,영덕군,오보교회뒤,경상북도 영덕군 영덕읍 오보리 17-4,50,,129.4321170,36.4423870,,,,,,
경북,영덕군,창포초등학교,경상북도 영덕군 영덕읍 창포리 550,430,,129.4279150,36.4094410,,,,,,
경북,영덕군,제당옆골목,경상북도 영덕군 영덕읍 창포리 572,30,,129.4286460,36.4113180,,,,,,
경북,영덕군,창포일반(강유복 집뒤),경상북도 영덕군 영덕읍 창포리 591,30,,129.4293590,36.4120060,,,,,,
경북,영덕군,갈매기횟집뒤,경상북도 영덕군 영덕읍 창포리 911,30,,129.4287840,36.4088750,,,,,,
경북,영덕군,창포보건소뒤,경상북도 영덕군 영덕읍 창포리 931,30,,129.4233950,36.4077560,,,,,,
경북,경주시,감포초등학교,경상북도 경주시 감포읍 감포리 17,1300,,129.5020200,35.8095980,,,,,,
경북,경주시,감포읍사무소,경상북도 경주시 감포읍 감포리 56-2,100,,129.5016760,35.8073960,,,,,,
경북,경주시,나정1리 마을회관 앞 야산,경상북도 경주시 감포읍 나정리 203,500,,129.4911310,35.7787180,,,,,,
경북,경주시,나정2리 마을회관 뒤 솔밭,경상북도 경주시 감포읍 나정리 223-1,1000,,129.4929390,35.7779780,,,,,,
경북,경주시,감포관광단지 주차장,경상북도 경주시 감포읍 대본리 42-1,3000,,129.4932670,35.7652970,,,,,,
경북,경주시,대본3리 마을회관,경상북도 경주시 감포읍 대본리 606-2,50,,129.4857360,35.7463470,,,,,,
경북,경주시,대본초등학교,경상북도 경주시 감포읍 대본리 669-1,200,,129.4840000,35.7440000,,,,,,
경북,경주시,전망대횟집 앞 야산,경상북도 경주시 감포읍 대본리 산172-2,1000,,129.4917490,35.7526060,,,,,,
경북,경주시,감포리조트펜션 주차장,경상북도 경주시 감포읍 오류리 137,500,,129.5184300,35.8381730,,,,,,
경북,경주시,일출빌라 뒤 야산,경상북도 경주시 감포읍 오류리 326-2,1000,,129.5109570,35.8162120,,,,,,
경북,경주시,감포중고등학교,경상북도 경주시 감포읍 오류리 478-2,1300,,129.5067600,35.8107710,,,,,,
경북,경주시,감포댐 입구,경상북도 경주시 감포읍 오류리 산 14-87,1000,,129.5090000,35.8360000,,,,,,
경북,경주시,감포읍 버스공용주차장,경상북도 경주시 감포읍 전동리 115,500,,129.4965970,35.8034220,,,,,,
경북,경주시,시드니 낚시마트 뒤 야산,경상북도 경주시 감포읍 전촌리 105-2,1000,,129.4948940,35.7927030,,,,,,
경북,경주시,감포읍 주민복지회관,경상북도 경주시 감포읍 전촌리 224,500,,129.4936920,35.7985480,,,,,,
경북,경주시,전촌1리 마을회관,경상북도 경주시 감포읍 전촌리 532-1,50,,129.4883700,35.7928530,,,,,,
경북,경주시,현대자동차 수련원,경상북도 경주시 양남면 수렴리 240-6,1000,,129.4588440,35.6682920,,,,,,
경북,경주시,통일로토종순대국,경상북도 경주시 양남면 수렴리 94-1,500,,129.4625750,35.6672610,,,,,,
경북,경주시,바다모텔 옆 야산,경상북도 경주시 양남면 수렴리 산120,200,,129.4512940,35.6589710,,,,,,
경북,경주시,나산초등학교,경상북도 경주시 양남면 읍천리 17,1000,,129.4701590,35.6979130,,,,,,
경북,경주시,읍천1리 마을회관 뒤 솔밭,경상북도 경주시 양남면 읍천리 363,3000,,129.4721780,35.6903500,,,,,,
경북,경주시,카리브모텔 뒤 야산,경상북도 경주시 양남면 하서리 25-3,1000,,129.4701510,35.6820520,,,,,,
경북,경주시,양남중학교 운동장,경상북도 경주시 양남면 하서리 651,1000,,129.4604290,35.6738930,,,,,,
경북,경주시,수제마을소공원,경상북도 경주시 양북면 봉길리 58-6,100,,129.4818080,35.7361750,,,,,,
경북,영덕군,수협창고뒤,경상북도 영덕군 강구면 강구리 산 50-1,500,,129.3858750,36.3599650,,,,,,
경북,영덕군,대게축구장입구,경상북도 영덕군 강구면 강구리 산69,500,,129.3909420,36.3640520,,,,,,
경북,영덕군,미혜식당뒤,경상북도 영덕군 강구면 강구리 산75-12,500,,129.3926900,36.3619340,,,,,,
경북,영덕군,마을뒷산,경상북도 영덕군 강구면 금진리 31-8,100,,129.4051000,36.3819370,,,,,,
경북,영덕군,소하민박뒤,경상북도 영덕군 강구면 금진리 597,50,,129.3952740,36.3691970,,,,,,
경북,영덕군,풍성호뒤,경상북도 영덕군 강구면 금진리 630,50,,129.3944690,36.3686480,,,,,,
경북,영덕군,금진택지입구,경상북도 영덕군 강구면 금진리 665-13,200,,129.3938260,36.3661240,,,,,,
경북,영덕군,강구초등학교,경상북도 영덕군 강구면 나비산길 8,500,,129.3784780,36.3568620,,,,,,